date,value,tx,ut,va,vt,wa,wi,wv,wy,al,ar,az,ca,co,ct,dc,de,fl,ga,hi,ia,id,il,in,ks,ky,la,ma,md,me,mi,mn,mo,ms,mt,nc,nd,ne,nh,nj,nm,nv,ny,oh,ok,or,pa,ri,sc,sd,tn,ak
7-31-2020,4535607,430485,40702,90801,1421,55803,58058,6735,2769,89349,43173,177002,500130,46809,49810,12205,14877,480028,190012,2111,44976,20721,181757,67122,27812,30723,116280,117612,89365,3937,91332,55188,51258,59881,4081,123878,6602,26211,6613,182029,20600,49074,415767,92087,37731,18817,112936,19022,90599,8867,108184,3827
7-30-2020,4468104,420946,40196,89888,1414,55803,56934,6642,2726,87723,42511,174010,493588,46204,49810,12126,14788,470386,186352,1989,44582,20246,180118,66154,27812,30151,116280,117612,88346,3912,90574,54463,50323,58747,3965,122148,6469,25766,6544,181660,20388,48088,415014,91159,36487,18492,112048,19022,89016,8764,105959,3677
7-29-2020,4398386,412107,39696,88904,1407,54985,56079,6422,2686,85762,41759,170798,485502,45796,49670,12057,14689,461379,182286,1865,44038,19679,178138,65253,26870,29386,114481,117098,87177,3888,89781,53692,48834,57579,3814,120194,6301,25422,6513,180970,20388,46824,414370,89626,35740,18131,111078,18950,87572,8685,102871,3559
7-28-2020,4331417,403307,39194,87993,1406,54205,54988,6326,2628,83782,40968,168273,475305,45314,49540,11999,14602,451423,178323,1757,43277,19222,176366,64299,26870,28727,112773,116684,86285,3866,88974,52947,46750,55804,3676,117850,6227,25157,6500,180766,19791,45806,413593,87893,34623,17721,110218,18800,85846,8641,100822,3442
7-27-2020,4275188,394265,38855,86994,1405,53321,54064,6173,2589,82366,40181,165934,466550,44565,49077,11945,14476,441977,175052,1711,42777,18694,174973,63678,26172,28126,111038,116182,85524,3838,87958,52281,44823,54299,3475,116087,6141,24899,6500,180295,19502,44936,412878,86497,33775,17416,109384,18725,84109,8492,96489,3350
7-26-2020,4220054,385923,38409,86072,1402,52635,53281,6054,2520,81115,39447,163827,460550,44336,48983,11858,14406,432747,170843,1683,42554,18177,173897,62907,26172,27601,109917,115926,84876,3832,87173,51803,43050,52957,3381,114338,5986,24618,6436,179812,19042,43831,412344,85177,32686,17088,108264,18515,82417,8444,96489,3206
7-25-2020,4158341,381656,37973,84567,1400,51849,52680,5960,2475,79294,38623,162014,453659,43789,48776,11780,14290,423855,167953,1620,42200,17827,172666,62372,25109,27079,107574,115637,83748,3814,86661,51153,41927,52304,3342,112713,5876,24395,6436,179363,18788,42843,411736,84073,31285,16758,107425,18224,81199,8395,93936,3102
7-24-2020,4092928,375846,37623,83609,1396,50824,51715,5821,2446,78130,37249,160041,445400,42980,48776,11717,14175,414511,165188,1549,41671,17264,171125,61520,25109,26764,103734,115268,83054,3790,85072,50291,40709,51097,3260,111092,5736,24174,6415,178858,18475,41816,411200,83184,30081,16492,106625,18224,80008,8305,90796,2868
7-23-2020,4017735,369826,36962,82364,1385,50009,50727,5695,2405,76005,37249,156301,435334,42314,48776,11649,14202,402312,161401,1490,41271,16736,169699,60598,25109,25931,103734,114647,81766,3757,85072,49488,39352,49663,3039,108995,5614,23818,6318,178345,18163,40885,410450,81746,29116,16104,105571,18224,78607,8200,89078,2748
7-22-2020,3946708,361125,36099,81237,1377,49247,49669,5550,2346,74212,36259,152944,425616,41698,48232,11571,13924,389868,156588,1435,40634,16322,168100,59602,24104,25147,101650,114320,80836,3737,84431,48721,37700,48053,2910,106893,5493,23486,6295,177887,17828,39919,409697,80186,27969,15713,104358,18148,76606,8143,86987,2684
7-21-2020,3877558,351618,35578,80393,1366,48575,48583,5206,2288,71813,35246,150609,413576,41059,48223,11529,13792,379619,152302,1418,39793,15822,166476,58673,24104,24540,99354,114320,80172,3723,83730,47961,36063,47071,2813,105001,5367,23190,6262,177645,17517,38657,408886,78742,27301,15393,103396,18062,75042,8077,84417,2619
7-20-2020,3813916,341739,35012,79371,1366,47743,47836,5199,2238,70358,34655,148683,400769,40566,48096,11427,13746,369834,148988,1393,39474,15266,164878,57916,23334,24060,96583,114033,79545,3723,83059,47457,34762,45524,2712,102861,5207,22847,6249,177256,17215,37528,408181,77215,26326,15139,102765,17986,73337,8019,81944,2525
7-19-2020,3756945,332434,34526,78375,1360,46946,46675,5142,2187,68891,33927,145183,391538,40142,48055,11339,13519,360394,145575,1381,39166,14873,163923,57206,23334,23414,94892,113789,78685,3711,82395,47107,33624,43889,2621,101046,5126,22583,6203,176963,16971,36713,407326,76168,25433,14847,101738,17904,71445,7943,79754,2414
7-18-2020,3692061,325030,34117,77430,1350,46026,45948,5042,2126,67011,32533,143624,384692,39788,47893,11261,13519,350047,143123,1354,38723,14302,162750,56571,21965,23161,91706,113534,78131,3687,81868,46204,33094,42638,2533,99778,5019,22481,6203,176783,16736,35765,406807,74932,25265,14579,101027,17793,69986,7906,78115,2277
7-17-2020,3626881,317730,33332,76373,1338,45067,45099,4894,2108,65234,31762,141265,375363,39344,47893,11194,13429,337569,139872,1334,37907,13752,161785,55654,21965,22184,88590,113238,77206,3646,81338,45470,32248,41846,2471,97958,4907,22361,6165,176814,16456,34477,406305,73822,25056,14149,100241,17793,67612,7862,76336,2159
7-16-2020,3549648,307572,32572,75433,1334,44313,44068,4783,2069,63091,31762,138523,366164,38726,47893,11115,13337,327241,135183,1311,37722,13133,160509,54813,21965,21605,88590,112879,76371,3636,80593,45013,31288,40829,2366,95477,4792,22134,6165,176551,16138,33295,405551,72280,24140,13802,99478,17793,66060,7789,73819,2081
7-15-2020,3478695,292656,31845,74431,1325,43046,43139,4657,2026,61088,31114,134613,356178,38155,47750,11076,13114,315775,131275,1292,37132,12445,159082,54080,20933,21083,86411,112581,75664,3598,79839,44347,30422,39797,2231,93426,4668,21979,6113,176501,15841,31915,404775,70601,23441,13509,98446,17711,64083,7694,71540,2032
7-14-2020,3413313,282365,30891,73527,1318,42304,42197,4557,1985,59067,30297,131354,347634,37686,47636,11026,13050,301810,127834,1264,36291,11718,157825,53370,20933,20677,84131,112347,75016,3578,78913,43742,29714,38567,2096,91266,4565,21717,6091,176278,15514,30468,404006,69311,22813,13081,97665,17640,62245,7652,69061,1631
7-13-2020,3350434,275058,30478,72443,1305,41757,41349,4407,1951,57255,29733,128097,336508,37242,47530,10946,12969,291629,123963,1243,35849,11402,156638,52685,20058,20223,82042,112130,74260,3566,77864,43170,28826,37542,1952,89484,4493,21399,6068,175915,15291,29619,403175,67995,21738,12805,96671,17588,60389,7572,66788,1579
7-12-2020,3291969,264313,30030,71642,1301,40656,40382,4259,1862,55545,28939,123824,329162,36913,47510,10906,12879,282435,120569,1220,35529,10902,155931,52037,20058,19653,79827,111827,73527,3558,77198,42772,27890,36680,1843,87528,4442,21172,6054,175522,15028,28515,402263,66853,20745,12438,95742,17487,58168,7524,65274,1539
7-11-2020,3230991,258658,29484,70670,1296,39218,39877,4207,1862,53587,28367,122467,320804,36591,47287,10847,12804,269811,116926,1200,35071,10505,155048,51612,18611,19389,78122,111597,73109,3539,76776,42281,27443,36287,1758,85701,4334,20998,6024,175298,14773,27683,401706,65592,20235,12170,95266,17312,56648,7499,61960,1479
7-10-2020,3167984,250462,28855,69782,1283,39218,39080,4074,1839,51947,26803,119930,312344,36191,47287,10801,12743,254511,114401,1158,34647,9928,154094,51079,18611,19121,76803,111398,72467,3520,76370,41571,27133,35419,1677,83793,4243,20777,5991,174959,14549,26838,401029,64214,19779,11851,94689,17312,54699,7454,61006,1385
7-09-2020,3101339,240111,28223,68931,1277,38581,38099,3983,1790,50508,26803,116892,304297,35525,47287,10743,12652,244151,111211,1130,33984,9428,152899,50300,18611,18670,74636,111110,71910,3499,75685,40767,25999,34622,1593,81331,4154,20623,5973,174628,14251,25908,400299,62856,19092,11454,93876,17312,52419,7401,59546,1323
7-08-2020,3042503,230346,27356,67988,1272,37941,37210,3826,1774,49174,26052,112671,296499,35116,47209,10679,12531,232718,106727,1094,33240,8969,151572,49575,17618,18245,71994,110897,71447,3486,75063,40163,25999,33591,1466,79349,4070,20425,5952,174240,14017,24904,399513,61331,18496,11188,92867,17243,50691,7336,57591,1272
7-07-2020,2980356,220564,26755,67375,1256,37420,36410,3707,1740,46962,24512,108614,289468,34664,47108,10642,12462,223783,103890,1071,32509,8539,150554,49063,17618,17919,70151,110602,70861,3460,74551,39589,25204,32888,1371,77310,3971,20201,5932,174039,13727,24301,398929,60181,17893,10817,92148,17204,48909,7242,55986,1226
7-06-2020,2928590,210585,26033,66740,1254,36985,35765,3461,1711,45785,24512,105094,277774,34257,47033,10569,12414,213794,100470,1030,32029,8052,149574,48626,16901,17519,68263,110338,70396,3440,73900,39133,24629,32214,1327,75875,3898,20046,5914,173878,13507,23785,398237,58904,17220,10605,91299,17204,47352,7163,53514,1184
7-05-2020,2886990,200557,25469,66102,1251,35898,35230,3442,1634,44878,24253,101441,271684,34065,46976,10515,12293,206447,97064,1023,31657,7733,148987,48331,16901,17152,66327,110137,69904,3423,73269,38569,23856,31257,1249,74529,3849,19929,5897,173611,13256,22909,397649,57956,16362,10395,90304,17163,46380,7105,52155,1138
7-04-2020,2841201,195239,24952,65748,1249,35247,34740,3262,1634,43953,23209,98089,265985,33866,46717,10482,12128,200111,95516,999,31353,7370,148373,48008,15919,16376,65226,109974,69632,3415,72941,38136,23436,30900,1212,72983,3816,19827,5857,173402,13063,22418,397131,57151,15928,10230,89854,17108,44847,7063,51431,1138
7-03-2020,2786467,191790,24542,65109,1238,34778,34207,3141,1606,42862,23209,94553,257388,33619,46717,10447,11996,190052,93319,975,31041,6994,147734,47432,15919,16376,63289,109838,69341,3397,72581,37624,23215,30674,1167,71654,3779,19660,5857,173033,12776,21575,396598,56183,15645,9930,89375,17084,43386,7028,50140,1111
7-02-2020,2732244,183532,23866,64393,1236,34151,33431,3126,1582,41865,22622,91858,248235,33352,46717,10435,11923,178594,90493,946,30429,6593,146872,46915,15919,16376,63289,109628,68961,3373,72175,37624,22830,28770,1128,70241,3722,19452,5822,172742,12520,20718,395872,55257,15065,9636,88741,17057,41532,6978,48712,1063
7-01-2020,2678418,175977,23270,63735,1227,33435,32809,3053,1550,40111,22075,87425,242547,33029,46646,10390,11731,169106,87709,926,30209,6370,145935,46387,14990,16079,61561,109338,68423,3328,71678,37210,22283,28770,1083,68142,3657,19310,5802,172356,12276,19733,394954,54166,14539,9294,88074,17035,39701,6893,46890,1017
6-30-2020,2627744,168062,22716,63203,1210,32824,32225,2932,1514,38962,21197,84092,236139,32715,46572,10365,11510,158997,84237,917,29451,6117,145066,45952,14990,15842,60178,109143,67918,3294,71089,36716,21927,27900,1016,66513,3615,19177,5782,171928,12147,19101,394079,52865,14112,8931,87242,16976,37919,6826,45315,978
6-29-2020,2580282,159986,22217,62787,1208,32253,31662,2905,1487,38045,20777,79215,228732,32511,46514,10327,11474,152434,81291,900,29007,5752,144238,45594,14443,15624,58095,108882,67559,3253,70728,36303,21551,27247,967,64670,3576,19042,5760,171667,11982,18456,393454,51789,13757,8656,86606,16911,36399,6764,43509,940
6-28-2020,2541107,153011,21664,62189,1208,31752,31033,2870,1450,37175,20257,74533,219252,32307,46362,10292,11376,146341,79417,899,28782,5319,143514,45228,14443,15347,57081,108768,67254,3219,70223,35861,21043,26567,919,63484,3539,18899,5760,171272,11809,17894,392930,51046,13172,8485,85988,16871,34644,6716,42297,904
6-27-2020,2499250,148728,21100,61736,1202,31404,30707,2817,1417,35441,19310,73908,211243,32022,46303,10248,11226,141075,77210,872,28489,5319,142776,44930,13538,15232,56236,108667,66777,3191,69946,35549,20575,25892,863,62142,3495,18775,5717,171182,11619,17160,392539,50309,12944,8341,85496,16835,33320,6681,40172,883
6-26-2020,2455467,143371,20628,61247,1200,30855,30227,2761,1392,35083,18740,70051,206433,31796,46206,10216,11091,132545,74985,866,28012,5148,142130,44575,13538,14859,54769,108443,66450,3154,69679,35033,20261,25531,852,60537,3458,18524,5671,170873,11408,16339,391923,49455,12642,8094,84370,16813,31939,6626,40172,854
6-25-2020,2411046,137624,20050,60570,1198,30367,29668,2712,1368,34183,18062,66548,200461,31479,46059,10185,11017,122960,72995,850,27686,4865,141344,44140,13538,14859,54769,108070,66115,3102,69329,34616,19914,25066,829,58818,3421,18346,5671,170584,11192,15240,391220,48638,12343,7818,84370,16777,30335,6535,39444,836
6-24-2020,2371974,131917,19374,59946,1191,29869,29105,2661,1326,33206,18062,63030,195571,31155,45994,10159,10980,114018,71095,835,27197,4645,140434,43655,12970,14617,53415,107837,65777,3070,68989,34123,19421,24516,803,57183,3393,18221,5598,170196,10990,14859,390415,47651,11948,7568,83770,16708,29022,6479,38034,816
6-23-2020,2333290,125921,18784,59514,1184,29386,28641,2629,1279,32064,17375,59974,190222,30893,45913,10128,10889,109014,69381,819,26705,4402,139540,43140,12970,14363,52477,107611,65337,3017,68555,33763,18868,23424,766,56174,3362,18092,5571,169892,10838,14362,389666,46759,11510,7444,83191,16663,27897,6419,37235,792
6-22-2020,2300269,120370,18300,58994,1164,28870,28175,2582,1254,31097,16678,58179,183073,30705,45899,10094,10847,103503,67678,816,26373,4254,138825,42871,12465,14141,51595,107439,65007,2994,68197,33469,18143,22898,743,54453,3320,17957,5558,169734,10694,13997,389085,46127,11028,7274,82696,16612,26613,6353,36303,778
6-21-2020,2273252,114881,17906,58465,1163,28680,27878,2552,1230,30454,16083,54586,178054,30539,45782,10058,10820,100217,65928,814,26051,4006,138224,42633,12465,13839,50239,107210,64603,2971,67957,33227,18143,22287,740,53605,3313,17810,5544,169415,10565,13535,388488,45537,10733,7083,82186,16535,25701,6326,35553,761
6-20-2020,2245968,111601,17462,57994,1159,28225,27615,2543,1197,30021,15142,52390,173824,30349,45755,10020,10775,97291,64701,803,25963,4006,137762,42423,12059,13750,49778,107061,64306,2957,67711,32920,18003,20641,717,52801,3288,17707,5518,169142,10565,13205,387936,44808,10515,6937,81730,16476,24693,6297,35102,755
6-19-2020,2213974,107735,17068,57443,1147,28680,27326,2486,1179,29549,15142,49798,169309,30187,45715,9984,10681,93797,63809,789,25496,3871,137104,42061,12059,13630,49385,106936,63956,2938,67545,32467,17590,20641,698,51389,3251,17591,5486,168834,10260,12931,387272,44262,10037,6750,81266,16449,23786,6225,34446,743
6-18-2020,2182928,103305,16425,56793,1144,28666,26913,2435,1173,29002,14631,46689,165416,29901,45557,9952,10611,89748,62009,762,25275,3743,136470,41746,12059,13454,48515,106650,63548,2913,67097,32031,17201,20641,666,49840,3226,17415,5450,168496,10153,12486,386556,43731,9706,6572,80762,16413,22631,6158,34017,722
6-17-2020,2155401,99851,15839,56238,1135,28575,26590,2418,1144,28206,13928,43443,161099,29673,45440,9903,10499,85926,60912,744,24854,3632,135639,41438,11681,13197,48634,106422,63229,2878,66798,31675,16908,20641,655,48188,3193,17226,5436,168107,10065,12076,385760,43122,9354,6366,80236,16354,21548,6109,32829,708
6-16-2020,2131528,96335,15344,55775,1130,28255,26129,2376,1114,27312,13606,40924,157015,29442,45429,9847,10444,82719,60030,740,24461,3540,135046,41013,11681,12995,48634,106151,62969,2836,66497,31296,16625,20641,630,46855,3166,17031,5364,167703,9933,11842,385142,42422,8904,6218,79818,16283,20556,6050,32143,696
6-15-2020,2108093,93206,14937,55331,1131,27925,25844,2341,1089,26912,13191,39097,153560,29299,45349,9818,10403,80109,59078,736,24179,3462,134500,40786,11419,12829,47706,105885,62409,2819,66269,30882,16414,20152,614,45853,3124,16851,5345,167426,9845,11658,384575,42010,8645,6098,79483,16232,19990,5966,31830,676
6-14-2020,2089583,89108,14608,54886,1128,27493,25546,2298,1060,26272,12917,36705,151452,29130,45235,9799,10340,77326,58414,728,24053,3399,133877,40430,11419,12647,47172,105690,62032,2810,66085,30693,16189,19799,609,45102,3101,16725,5345,167103,9723,11279,383944,41576,8417,5820,79121,16180,19378,5928,31160,664
6-13-2020,2068210,87854,14313,54506,1127,27095,25340,2289,1060,25615,12501,35691,148855,29017,45088,9767,10264,75568,57681,723,23926,3399,133404,39909,11047,12445,46619,105603,61701,2793,66054,30471,15810,19516,601,44119,3080,16633,5299,166881,9621,11173,383324,41148,8231,5636,78798,16104,18795,5898,30432,661
6-12-2020,2042869,86011,13981,53869,1125,26985,25089,2259,1050,24601,11547,34458,145643,28822,44994,9709,10229,73552,56801,706,23717,3353,132732,39543,11047,12445,46283,105395,61305,2757,65836,30465,15810,19348,588,42676,3058,16513,5251,166605,9526,10946,382630,40848,8073,5535,78462,16072,17955,5833,29541,654
6-11-2020,2019392,83680,13577,53211,1119,26825,24795,2233,1027,23710,11547,32918,141983,28647,44689,9654,10173,70971,55783,692,23337,3302,132059,39146,11047,11945,44995,105059,60613,2721,65672,30463,15585,19091,573,41249,3016,16315,5209,166164,9526,10678,381714,40424,7848,5377,77999,16023,17170,5742,29126,625
6-10-2020,1997360,81583,13252,52647,1110,26559,24441,2212,1009,22845,10816,31264,139281,28499,44461,9589,10106,69069,54973,685,22938,3260,131327,38748,10812,11945,44472,104667,60197,2667,65449,30418,15390,18483,563,39481,2980,16025,5178,165816,9250,10399,380892,40004,7626,5237,77933,15942,16441,5665,28538,611
6-09-2020,1976557,79757,12864,52177,1095,26281,24070,2188,980,21989,10368,29852,136191,28347,44347,9537,10056,67371,53980,682,22551,3220,130561,38337,10812,11883,44030,104156,59465,2637,65182,30199,15187,18483,561,38171,2941,15883,5132,165346,9105,10164,380156,39575,7480,5060,77466,15855,15759,5604,28061,593
6-08-2020,1959382,77253,12559,51738,1084,26004,23734,2169,970,21422,10080,28296,133489,28183,44179,9474,10020,66000,53249,676,22236,3189,129936,38033,10650,11708,43612,103889,58904,2606,65167,29866,14913,17768,554,37160,2901,15752,5079,164796,9062,10030,379482,39162,7363,4988,77056,15751,15228,5523,27575,573
6-07-2020,1942370,75616,12322,51251,1075,25732,23434,2153,960,20925,9740,27678,131319,28001,44092,9389,9972,64904,52497,675,21987,3139,129139,37623,10650,11476,43050,103626,58404,2588,65104,29436,14734,17768,548,36484,2880,15634,5043,164497,8940,9786,378799,38837,7205,4922,76563,15683,14800,5471,26944,563
6-06-2020,1923547,74978,12066,50681,1063,25419,23212,2144,947,20500,9426,26889,128812,27848,43968,9332,9942,63938,51898,673,21667,3139,127757,37397,10393,11287,42816,103436,57973,2570,64969,28988,14553,17270,545,35546,2861,15543,5019,164164,8800,9649,378097,38476,7150,4808,76212,15638,14286,5438,26381,544
6-05-2020,1900441,73553,11798,49397,1046,25227,22937,2131,939,20043,9101,25451,126016,27615,43818,9269,9845,62758,51309,664,21478,3111,126890,36997,10393,11287,42486,103132,57482,2524,64914,28853,14442,16769,540,34625,2816,15379,5019,163893,8672,9460,377316,38111,7003,4662,75706,15589,13916,5367,26071,536
6-04-2020,1877089,71613,11252,48532,1027,25023,22599,2119,933,19387,8651,24332,122901,27360,43460,9199,9773,61488,50621,655,21152,3054,125915,36578,10393,10977,41989,102557,56770,2482,64821,28688,14253,16759,541,33255,2745,15117,4876,163336,8353,9266,376208,37758,6907,4570,75005,15521,13453,5277,25520,524
6-03-2020,1856250,69920,10813,47856,1026,24677,22193,2092,915,19072,8067,22753,119807,27060,43239,9120,9746,60183,49847,653,20805,2990,124759,36096,10170,10705,41562,102063,55858,2446,64616,28290,14057,16560,539,31966,2706,14866,4795,162530,8140,9090,375133,37282,6907,4474,74560,15416,13005,5247,25120,513
6-02-2020,1835938,68271,10497,46905,990,24385,21661,2071,915,18851,8067,22233,117687,26788,43091,9016,9712,58764,48894,653,20055,2933,123830,35712,10170,10410,41133,101592,54982,2418,64382,27889,13767,16322,525,30777,2679,14611,4749,162068,8024,8935,374085,36792,6805,4399,74022,15299,12651,5162,24822,505
6-01-2020,1815956,66568,10202,46239,988,24086,21155,2041,910,18642,7443,21250,115310,26577,42979,8886,9685,57447,48207,652,20016,2906,122848,35237,10011,10185,40746,101163,54175,2377,64103,27376,13575,16020,523,29889,2646,14345,4685,161545,7800,8830,373040,36350,6692,4335,73510,15194,12415,5067,24375,487
5-31-2020,1795541,64880,9999,45398,983,23798,20736,2017,910,18363,7443,20123,113006,26378,42740,8857,9605,56830,47618,652,19697,2839,121234,34830,10011,10046,40341,100805,53327,2349,63813,26897,13327,15752,519,29263,2625,14101,4651,160918,7689,8688,371711,35984,6573,4302,72898,15087,12148,5034,23554,467
5-30-2020,1773902,64287,9797,44607,981,23456,20564,2010,903,17903,7253,19936,110583,26098,42201,8801,9498,56163,46986,651,19552,2839,120260,34574,9719,9704,39916,96965,52778,2325,63568,26322,13147,15501,515,28589,2577,13905,4545,160445,7624,8593,370770,35513,6506,4243,72546,14988,11861,4993,23006,434
5-29-2020,1750140,62338,9533,43611,977,23275,20382,1974,898,17359,7013,19255,106878,25613,42022,8717,9422,55424,46286,649,19244,2803,118917,34211,9719,9464,39577,96301,52015,2282,63321,26181,12962,15229,505,27673,2554,13654,4492,159608,7493,8495,369660,35034,6418,4185,72031,14912,11394,4960,22566,434
5-28-2020,1726618,61006,9264,42533,975,23047,19843,1951,891,16823,6538,18465,103886,25121,41762,8538,9236,54497,45670,647,18926,2769,117455,33558,9719,9184,38802,95512,50988,2226,63116,26013,12795,14790,493,26488,2520,13261,4386,158844,7364,8350,368284,34566,6338,4131,71339,14808,11131,4866,22085,430
5-27-2020,1704017,59776,8921,41401,974,22753,19077,1906,874,16310,6538,17763,101697,24767,41559,8492,9171,53285,45070,644,18573,2731,115833,33068,9337,9077,38802,94895,49709,2189,62797,25559,12673,14372,485,25412,2481,12976,4286,157815,7252,8208,366733,33915,6270,4086,70042,14630,10788,4793,21679,425
5-26-2020,1684632,57921,8706,40249,971,22483,18513,1867,850,15843,6277,17262,98980,24565,41288,8406,9096,52634,44421,643,18360,2699,114306,32437,9337,9077,38497,94220,48423,2137,62461,24988,12492,14044,481,24628,2439,12619,4231,156628,7130,8113,364965,33439,6229,4038,69417,14498,10623,4710,21306,412
5-25-2020,1668003,56560,8620,39342,967,22184,17867,1854,850,15396,6180,16783,96733,24269,41303,8334,9066,52255,43730,643,17703,2626,113195,32078,9218,8571,38054,93693,47687,2109,62075,24308,12291,13731,479,24140,2422,12355,4197,155764,7026,7997,363836,33006,6137,3967,68637,14365,10416,4653,20965,411
5-24-2020,1649205,55971,8521,37727,962,21909,17571,1774,838,14730,6029,16561,94558,24174,40873,8225,8965,51746,43344,643,17577,2626,112017,31715,9218,8571,37809,93271,47152,2074,61632,23524,12167,13458,479,23964,2457,12134,4149,155092,6943,7879,362764,32477,6090,3949,68186,14211,10178,4586,20607,409
5-23-2020,1629100,55348,8392,36244,956,21652,17253,1759,813,14327,5922,16339,92710,23964,40468,7966,8809,50867,42838,643,17252,2626,110304,31376,8958,8571,37169,92675,46313,2055,61457,23121,11988,13252,479,23222,2418,11989,4089,154154,6795,7770,361515,31911,6037,3927,67713,14141,10096,4563,20145,408
5-22-2020,1607510,54509,8260,35749,954,21492,16843,1717,813,13938,5612,16039,90631,23487,40022,7966,8690,50127,42132,642,16893,2595,107796,30901,8958,8426,37040,91662,45495,2013,61293,22765,11752,13005,479,22725,2365,11662,4089,153104,6625,7696,359926,31408,5960,3888,66983,14057,9895,4468,19789,408
5-21-2020,1582955,53449,8057,34950,952,21283,16340,1616,803,13563,5612,15608,88444,23191,39640,7893,8529,49451,41218,647,16504,2534,105444,30409,8958,8286,36925,90889,44424,1948,61075,22374,11558,12624,479,21618,2317,11425,3935,152719,6472,7401,358154,30794,5849,3864,66258,13949,9638,4356,19394,404
5-20-2020,1556442,52268,7874,34137,950,20988,15792,1593,787,13119,5458,15315,86197,22797,39208,7788,8386,48675,40405,643,16170,2506,102686,29936,8539,8167,36504,90084,43531,1877,60610,21582,11340,12222,479,20860,2229,11122,3868,151472,6317,7255,356458,30167,5680,3817,65392,13748,9175,4250,18961,402
5-19-2020,1535123,51323,7710,32908,944,20784,15269,1545,787,12744,5003,14897,84057,22482,39017,7551,8194,47471,39647,641,15614,2476,100418,29274,8539,8069,35316,88970,42323,1819,60151,20609,11232,11967,478,20122,2095,10846,3721,150399,6192,7166,354370,29436,5532,3801,63666,13579,9056,4177,18532,402
5-18-2020,1514270,49912,7518,32145,944,20535,14692,1509,766,12376,4923,14566,81795,22202,38430,7434,8037,46944,38721,640,15349,2455,98030,28705,8340,8069,35038,87925,41546,1741,59576,19842,11080,11704,471,19700,1994,10625,3652,149013,6096,7046,352845,28952,5489,3726,63666,13392,9056,4085,18378,399
5-17-2020,1493278,48693,7384,31140,944,20286,14442,1491,754,12086,4813,14170,80430,21938,38116,7270,7869,46442,38081,640,14955,2419,96485,28255,8340,7688,34709,87052,39762,1713,58812,18987,10945,11432,470,19023,1931,10348,3596,148039,5938,6906,351371,28454,5398,3687,63056,13177,8942,4027,18011,399
5-16-2020,1473107,47784,7238,30388,940,19991,14257,1490,754,11771,4759,13937,78839,21633,37419,7123,7670,45588,37701,639,14651,2419,94191,27778,7886,7688,34432,86010,38804,1687,58278,18016,10789,11296,468,18512,1900,10220,3556,146334,5857,6857,350121,27923,5310,3623,62234,13040,8816,3987,17388,396
5-15-2020,1448406,46999,7068,29683,940,19838,13878,1457,716,11523,4578,13631,76793,21232,36703,7042,7547,44811,37147,638,14328,2389,92457,27280,7886,7444,34117,84933,37968,1648,58023,17705,10675,11123,468,17982,1848,9772,3464,145089,5662,6662,348232,27474,5237,3612,61611,12915,8407,3959,17288,392
5-14-2020,1423696,45198,6913,28672,932,19650,13344,1441,715,11216,4463,13169,74936,20838,36085,6871,7373,43210,36681,637,14049,2351,90369,26655,7886,7225,33837,83421,36986,1603,57687,17363,10456,10801,466,17129,1761,9416,3464,143905,5503,6614,345813,26954,5086,3541,60622,12663,8407,3887,16970,388
5-13-2020,1396991,43851,6749,27813,931,19424,12869,1427,701,10968,4236,12674,73164,20475,35464,6736,7223,43210,35858,638,13675,2324,87937,26053,7468,7080,33489,82182,35903,1565,57036,16565,10317,10483,462,16507,1647,9075,3299,142704,5364,6499,343051,26357,4962,3479,59636,12431,8189,3792,16699,387
5-12-2020,1375798,42403,6620,26746,930,19179,12449,1398,675,10617,4164,12176,71141,20157,34855,6584,6952,42402,35332,635,13289,2293,84698,25473,7468,6853,32662,80497,34812,1515,56458,15772,10142,10090,462,15816,1647,8692,3239,141560,5212,6394,340661,25721,4852,3416,58698,12203,7927,3732,16370,383
5-11-2020,1353135,41048,6432,25800,929,18952,12131,1371,675,10310,4164,11736,69382,19879,34333,6485,6741,41923,34635,634,12912,2260,83021,25127,7116,6677,32050,79332,34061,1477,55641,15043,10006,9908,461,15346,1571,8572,3160,140743,5069,6311,338485,25250,4732,3286,57991,12007,7927,3663,16111,383
5-10-2020,1334899,39869,6362,25070,927,18741,11920,1366,662,10009,4034,11380,67939,19899,33765,6389,6565,40982,33927,632,12373,2230,79007,24627,7116,6440,31815,78462,33373,1462,54004,14379,9918,9674,459,15045,1518,8315,3160,139945,4863,6152,337055,24777,4613,3286,57154,11788,7653,3614,15544,381
5-09-2020,1313395,38869,6251,24081,926,18449,11694,1360,661,9777,3747,11119,66680,19703,33554,6272,6447,40596,33441,631,11959,2230,77741,24126,6948,6440,31600,77793,32587,1436,53033,13552,9844,9501,458,14764,1491,8234,3011,138532,4778,6098,335395,24081,4589,3228,56611,11613,7653,3517,14985,379
5-08-2020,1288585,37860,6103,23196,926,18275,11402,1335,644,9567,3747,10960,64561,18827,32984,6102,6277,40001,32532,629,11671,2205,76085,23732,6751,6288,31417,76743,31534,1408,52732,13321,9666,9378,458,14360,1464,7831,2947,137085,4673,6028,333122,23697,4490,3160,55316,11427,7531,3393,14768,378
5-07-2020,1260980,36609,5919,22342,918,18124,11030,1310,635,9221,3694,10526,62512,18801,32411,5899,6111,39199,32106,629,11457,2178,73760,23146,6501,6129,30855,75333,30485,1374,52349,13040,9489,9090,458,13868,1425,7190,2843,135454,4493,5884,330407,23016,4424,3068,54238,11141,7142,3144,14441,377
5-06-2020,1233490,35390,5724,21570,916,17914,10621,1287,631,8898,3611,9945,60614,17830,31784,5654,5939,38828,31439,626,11059,2158,70873,22503,6144,5934,30652,73721,29374,1330,51731,12328,9341,8686,456,13397,1371,6771,2740,133635,4291,5766,327649,22131,4330,2989,52915,10910,6936,2905,14096,374
5-05-2020,1208434,34422,5595,20256,914,17718,10262,1248,604,8581,3568,9707,58815,17364,30995,5461,5778,38002,30696,625,10404,2127,68232,21870,5734,5822,30399,72025,28163,1254,51131,11510,9102,8424,456,12758,1323,6438,2636,131890,4138,5663,323978,21576,4201,2916,51845,10639,6936,2779,13938,372
5-04-2020,1185985,33369,5449,20256,909,17470,9896,1238,596,8285,3496,9305,56212,16907,30621,5322,5371,37439,29711,621,10111,2106,65962,21033,5458,5245,29996,70271,27117,1226,50497,10876,8916,8207,456,12256,1266,6083,2588,130593,4031,5594,321192,20969,4127,2839,50957,10297,6757,2721,13690,371
5-03-2020,1163462,32332,5317,19492,906,17209,9538,1206,586,8025,3458,8919,54937,16635,29287,5170,5288,36897,29368,620,9703,2061,63840,20507,5245,5130,29673,69087,26408,1205,49809,10235,8754,7877,457,11848,1225,5910,2588,128269,3850,5491,318953,20474,4044,2759,50092,9994,6626,2668,13571,370
5-02-2020,1137695,31548,5175,18671,901,16943,9227,1191,579,7725,3431,8640,53616,16225,29287,5016,5208,36078,28602,620,9169,2061,61499,19933,5030,4879,29340,68087,25462,1185,49029,9411,8386,7550,455,11664,1191,5326,2429,126744,3732,5426,316415,19914,3972,2680,49267,9703,6626,2631,13177,368
5-01-2020,1108510,30522,4981,17731,896,16802,8920,1169,566,7434,3372,8364,52197,15768,28764,4797,5038,35463,28306,619,8641,2035,58505,19295,4746,4879,29140,66263,24473,1152,48672,9071,8154,7441,455,11509,1153,4838,2310,123717,3513,5311,312977,19335,3851,2635,48305,9522,6489,2588,12661,365
4-30-2020,1075454,29229,4828,16901,885,16653,8550,1136,559,7158,3321,7962,50442,15284,28764,4658,4918,34728,27270,618,7884,2015,56055,18630,4449,4708,28711,64311,23472,1123,48240,8736,7835,7212,453,10923,1107,4281,2146,121190,3411,5227,308314,18743,3748,2579,46971,9333,6258,2525,11891,364
4-29-2020,1045886,28087,4672,15846,879,16309,8052,1118,544,7019,3255,7648,48917,14758,27700,4323,4734,33690,26155,613,7145,1984,52918,17835,4238,4539,28001,62205,21742,1095,47505,8116,7562,6815,453,10509,1067,3784,2054,118652,3213,4998,304372,18027,3618,2510,45763,9016,6095,2449,10735,355
4-28-2020,1019245,27054,4495,14961,866,16042,7660,1095,536,6842,3192,7202,46500,14735,26767,4106,4655,33193,25623,609,6843,1952,50355,17182,3738,4375,27660,60265,20849,1056,46488,7468,7425,6569,451,9948,1033,3374,2010,116264,2974,4898,299691,17303,3473,2446,44366,8668,5881,2373,10366,355
4-27-2020,994026,26171,4343,14339,862,15798,7391,1079,389,6687,3111,6948,45031,13879,26312,3994,4575,32846,24615,607,6376,1917,48102,16588,3491,4146,27286,58302,20113,1040,45538,6788,7303,6342,451,9568,991,3358,1938,113856,2823,4805,295106,16769,3410,2354,43264,8296,5613,2313,10052,351
4-26-2020,971421,25297,4233,13535,862,15566,7161,1063,370,6499,3017,6716,43464,13441,25269,3892,4162,32138,23913,606,5868,1897,45883,15961,3328,4074,27068,56462,19487,1023,44709,6187,7171,6094,449,9142,942,3028,1864,111188,2726,4690,291996,16325,3280,2354,42050,7972,5490,2245,9918,345
4-25-2020,944041,24631,4123,12970,855,15292,6963,1044,362,6270,2941,6526,42164,12968,25269,3841,4034,31528,23401,603,5476,1887,43903,15012,3174,3905,26773,54938,18581,1015,43789,5512,6997,5911,448,8830,867,2732,1787,109038,2660,4602,288045,15963,3253,2311,41165,7769,5490,2212,9667,341
4-24-2020,908140,23773,3948,12366,852,15110,6715,1020,349,6137,2829,6280,41137,12256,24582,3699,3576,30839,22695,601,5092,1870,41777,14395,3056,3779,26512,53348,17766,990,43263,5127,6826,5718,445,8623,803,2421,1720,105523,2521,4539,282143,15587,3193,2253,40049,7493,5253,2147,9189,339
4-23-2020,873966,22806,3782,11594,843,14913,6364,988,349,5832,2741,6045,39254,11262,23921,3528,3442,30174,22147,596,4445,1836,39658,13680,2777,3481,26140,50969,16616,965,42730,4788,6625,5434,444,8052,748,2124,1670,102196,2379,4398,271590,15169,3121,2177,38652,7188,4917,2040,8726,339
4-22-2020,842182,21944,3612,10998,834,14628,6011,967,326,5778,2465,5769,37369,10878,23100,3361,3308,28832,21512,592,3924,1802,36934,13039,2482,3373,25739,47992,15737,937,41694,4270,6321,5153,442,7608,709,1813,1588,99989,2210,4208,263460,14694,3017,2127,37053,6773,4917,1956,8266,337
4-21-2020,813266,21069,3445,10266,831,14375,5766,939,322,5465,2276,5459,35396,10447,22469,3206,3200,28309,20740,586,3748,1766,35108,12438,2211,3192,25258,44913,14775,907,40705,3758,6137,4894,439,7220,679,1722,1491,95865,2072,4081,257216,14117,2894,2059,35684,6354,4761,1858,7842,335
4-20-2020,786933,20196,3296,9630,828,14133,5509,914,320,5231,2227,5251,33261,10106,20360,3098,2931,27495,19881,584,3641,1736,33059,12097,2025,3050,24854,43168,14193,888,39589,3452,5941,4716,437,6951,644,1648,1491,92387,1971,3937,251690,13725,2807,2002,34528,5972,4439,1755,7394,329
4-19-2020,761061,19458,3213,8990,820,13890,5353,902,313,5025,1923,5064,30978,9730,19815,2927,2745,26660,18947,580,3159,1672,31508,11686,1986,2960,24523,41416,13684,875,38494,3190,5807,4512,433,6764,627,1474,1392,88806,1845,3830,247512,12919,2680,1956,33232,5585,4377,1685,7238,321
4-18-2020,733593,18923,3069,8537,817,13583,5176,863,309,4837,1781,4929,30333,9433,17550,2793,2538,25996,18301,574,2902,1668,30357,11210,1849,2707,23928,39820,12830,867,37557,2914,5667,4274,433,6493,585,1287,1342,85301,1798,3728,242786,11602,2599,1910,32284,5207,4377,1635,7070,319
4-17-2020,705630,18260,2931,8053,813,13407,5013,785,305,4655,1739,4719,28963,9047,16809,2666,2323,25269,17669,553,2513,1655,29160,10641,1790,2522,23580,37527,12308,847,37029,2788,5517,3974,426,6140,528,1138,1287,81420,1711,3626,236732,10222,2570,1844,31069,4868,4246,1542,6762,314
4-16-2020,673666,17371,2805,7491,802,13174,4839,754,296,4530,1695,4507,27528,8675,16809,2476,2323,24119,17194,541,2332,1609,27575,10154,1705,2429,23118,35125,11572,827,36320,2668,5283,3793,422,5859,439,1066,1287,78467,1597,3524,229642,9107,2465,1785,29441,4585,3931,1411,6589,309
4-15-2020,642743,16455,2683,6889,792,12872,4636,739,296,4345,1620,4234,26182,8280,15884,2350,2075,22897,15669,530,2141,1587,25733,9542,1588,2291,22532,32492,10784,796,35455,2486,5111,3624,415,5465,393,952,1139,75317,1484,3321,222284,8414,2357,1736,27735,4295,3656,1311,6262,300
4-14-2020,612445,15492,2542,6500,779,12619,4453,702,287,4113,1569,3962,24424,7941,14755,2197,2014,22511,14987,517,1995,1464,24593,8955,1494,2210,21951,29970,10032,770,34533,2321,4895,3360,404,5123,365,901,1139,71030,1407,3211,213779,7791,2263,1663,26490,3903,3656,1168,6079,293
4-13-2020,586814,14624,2412,6171,770,12303,4246,640,275,3876,1480,3806,23338,7691,13989,2058,1761,21367,14223,504,1899,1453,23247,8527,1426,2048,21518,28109,9472,734,33613,2165,4686,3087,399,5024,341,871,1020,68824,1345,3088,202208,7280,2184,1633,25345,3596,3553,988,5823,285
4-12-2020,561681,13906,2363,5747,761,12079,4080,626,275,3734,1410,3702,22348,7684,13381,1955,1625,20601,13315,499,1710,1426,22025,8236,1376,1963,21016,26794,8936,698,32702,2012,4388,2942,394,4816,331,814,985,64584,1245,2971,195031,6975,2069,1584,24199,3329,3319,868,5610,277
4-11-2020,533837,13484,2303,5274,754,11775,3964,611,261,3525,1280,3539,21794,6893,12035,1875,1479,19355,12452,486,1587,1407,20852,7928,1337,1840,20595,25381,8225,633,31666,1864,4160,2781,387,4520,308,791,929,61850,1174,2836,188694,6604,1970,1527,22833,3142,3319,730,5308,272
4-10-2020,503276,12561,2206,5077,733,11605,3822,577,261,3191,1226,3393,20615,6510,11510,1778,1479,18494,12159,465,1510,1396,19180,7435,1268,1693,20014,22766,7694,616,30980,1806,4024,2642,377,4312,293,700,885,58151,1091,2700,180458,6250,1868,1371,21655,2853,3207,626,5114,257
4-09-2020,468925,11671,2102,4509,713,11395,3665,554,253,2968,1171,3112,19472,6510,10538,1660,1326,17531,11483,442,1388,1353,17887,6907,1166,1693,19253,20878,6968,586,30172,1732,3799,2469,365,3908,278,635,819,54588,1091,2584,170512,5878,1794,1321,19979,2573,3065,536,4862,246
4-08-2020,434506,10230,1976,4042,680,11118,3443,523,230,2769,1119,3018,18309,5655,9784,1523,1207,16364,10566,435,1270,1232,16422,6351,1106,1346,18283,18843,6185,560,29096,1637,3539,2260,354,3651,269,567,788,51027,865,2456,159937,5512,1684,1321,18228,2169,2792,447,4634,235
4-07-2020,403972,9353,1846,3645,631,10831,3279,462,221,2369,1000,2726,16957,5429,7781,1440,928,15455,9901,410,1145,1210,15078,5943,1046,1149,17030,16692,5529,537,28064,1534,3327,2003,332,3426,251,519,788,47437,794,2318,149316,5148,1524,1239,16239,1890,2552,393,4362,226
4-06-2020,373235,8262,1738,3333,608,10547,3064,412,216,2119,946,2575,15865,5172,7781,1211,928,14747,8818,387,1048,1170,13549,5507,900,1008,16284,15104,4371,519,26964,1432,3037,1915,319,3221,237,447,715,44416,686,2087,138863,4782,1472,1181,14559,1617,2417,320,4138,213
4-05-2020,344298,7276,1675,2878,575,10282,2866,345,210,1968,875,2456,14336,4950,6906,1097,673,13324,7314,371,946,1101,12262,4944,845,955,14867,13739,4045,499,25785,1330,2722,1738,299,2870,225,409,669,41090,624,1953,130689,4450,1327,1132,12980,1356,2049,288,3802,191
4-04-2020,318748,6812,1605,2637,543,9953,2643,324,197,1796,830,2269,13438,4565,5675,998,673,12151,6647,351,868,1077,11256,4411,747,917,13010,12402,3609,470,24458,1217,2367,1638,286,2585,207,363,621,37505,543,1836,122031,4043,1252,1068,11510,1150,2049,240,3633,185
4-03-2020,285496,6110,1428,2407,512,9732,2476,282,187,1580,743,2019,12026,4173,5276,902,593,11111,6160,319,786,1013,10357,3953,698,831,12496,11637,3125,456,23581,1158,2291,1455,265,2402,186,321,540,34124,495,1742,113704,3739,1159,999,10017,968,1917,212,3321,171
4-02-2020,253551,5330,1246,2012,460,9485,2263,237,162,1432,704,1769,10701,3728,4914,757,450,9585,5831,285,699,891,8904,3437,620,770,10297,10303,2758,432,22579,1119,2113,1358,243,2093,173,279,479,29895,403,1514,102863,3312,988,899,8420,831,1554,187,3067,157
4-01-2020,225559,4669,1074,1706,390,9201,2040,217,150,1233,643,1598,9191,3342,3824,653,393,8010,5348,258,614,669,7695,3039,552,680,9150,8867,2331,376,21376,1056,1834,1177,227,1857,159,246,415,25590,363,1458,92381,2902,879,826,7016,730,1554,165,2845,143
3-31-2020,199786,3997,1012,1484,359,8869,1821,191,130,1077,584,1413,8155,2966,3557,586,368,6955,4638,208,549,525,6980,2565,482,591,6424,7639,1985,344,20246,973,1581,1073,208,1584,142,210,415,22255,315,1279,83712,2547,719,736,5805,668,1293,129,2683,133
3-30-2020,175092,3266,887,1250,320,8431,1585,162,109,981,523,1289,7482,2627,3128,495,319,6338,3929,204,497,415,5994,2159,428,480,5237,6521,1660,303,18654,916,1327,937,184,1498,126,172,314,18696,281,1113,75795,2199,565,690,4843,568,1083,108,2239,119
3-29-2020,153195,2877,806,1020,293,8120,1422,126,94,859,473,1157,6447,2627,2571,401,264,5473,2809,175,424,310,5057,1786,368,439,4025,5653,1413,275,17363,823,1031,847,171,1307,109,145,314,16636,237,1008,66497,1933,481,606,4087,495,925,101,1834,114
3-28-2020,133540,2552,719,890,256,7715,1276,113,86,806,426,919,5708,2061,1993,342,232,4246,2651,151,336,261,4596,1514,319,394,3540,4856,1239,253,15784,725,838,758,154,1040,98,108,214,13386,237,738,59513,1653,429,548,3394,417,774,90,1537,102
3-27-2020,113816,2052,602,739,234,7397,1134,96,82,696,404,873,4643,1734,1291,304,214,3763,2366,120,298,230,3491,1232,261,302,3315,4158,992,211,14865,687,838,663,129,935,83,96,187,11124,191,621,52318,1406,377,479,2751,312,539,68,1373,85
3-26-2020,94772,1731,480,604,213,7076,969,76,70,587,381,736,3879,1430,1291,267,163,2765,2001,106,235,189,3026,981,202,248,2746,3151,774,168,13799,640,669,579,108,763,65,85,158,8825,136,535,44635,1137,322,414,2218,248,456,58,1203,69
3-25-2020,77116,1396,402,460,185,6700,806,51,53,506,335,577,3006,1086,1012,231,130,2355,1525,95,179,123,2538,645,168,198,2305,2318,580,155,12475,565,502,485,71,636,52,73,137,6876,112,420,37258,867,248,327,1687,217,456,46,957,59
3-24-2020,64243,974,346,391,160,6329,667,39,44,283,280,450,2355,912,875,183,115,1682,1247,90,145,73,1865,477,126,157,1795,1739,423,149,11335,502,356,377,53,504,39,61,108,4402,100,321,30811,704,164,209,1127,176,424,41,784,42
3-23-2020,53611,410,299,290,125,5923,525,20,29,215,218,357,2102,720,618,137,91,1412,1026,77,124,50,1535,365,98,124,1388,1060,349,125,10155,444,183,320,46,398,34,52,101,3675,83,278,25665,564,106,209,851,148,298,30,667,36
3-22-2020,42169,352,257,254,97,5568,466,16,26,167,174,265,1733,591,415,116,68,1171,772,56,105,47,1273,259,82,104,1172,678,288,107,9062,393,183,249,34,297,30,50,78,2844,65,245,20875,442,81,191,644,129,298,28,615,22
3-21-2020,32910,334,181,219,76,5121,425,12,24,138,165,152,1536,475,223,98,56,830,600,48,90,42,1049,201,64,99,837,547,244,89,7822,349,90,207,31,255,28,48,65,1914,57,190,15168,351,67,161,479,113,195,21,505,22
3-20-2020,26025,304,136,152,52,4837,315,11,23,124,118,104,1279,363,194,77,45,658,507,37,68,31,753,126,55,54,580,426,190,73,7023,327,73,140,20,184,28,38,55,1327,57,124,10356,247,53,114,371,88,152,14,371,14
3-19-2020,19770,194,112,114,44,4551,235,7,19,81,96,65,1063,277,194,71,38,520,420,26,45,23,585,79,44,47,473,314,149,57,6219,303,47,80,16,137,20,32,44,890,43,109,7102,169,49,114,268,74,81,14,228,12
3-18-2020,15099,143,78,94,28,4146,174,2,18,68,46,44,924,216,96,39,30,390,287,16,38,11,422,56,34,35,347,229,107,53,5276,287,24,50,12,97,15,27,39,742,35,95,4152,119,44,88,185,61,60,11,154,6
3-17-2020,11928,83,63,77,21,3810,121,1,15,46,33,28,611,183,68,31,25,314,197,14,29,9,288,39,16,26,240,156,85,43,4531,269,13,34,10,63,6,24,26,427,28,55,2382,88,29,75,133,44,60,11,98,6
3-16-2020,8315,64,51,67,19,3432,83,0,10,36,22,20,483,160,41,22,16,186,146,10,23,7,159,30,15,22,137,118,57,32,3659,246,8,21,8,40,3,21,17,267,23,55,1700,67,17,47,96,33,33,11,73,3
3-15-2020,6746,57,39,51,17,3107,56,0,3,28,22,18,335,131,26,17,8,141,121,7,22,5,93,24,11,21,115,97,37,17,1933,179,6,12,7,33,1,18,13,178,17,45,950,50,10,39,76,22,28,10,52,1
3-14-2020,5495,56,28,45,12,2738,37,0,3,12,16,12,293,131,20,16,6,116,99,2,18,5,64,19,8,16,90,64,31,3,1480,128,5,10,7,32,1,17,13,98,13,21,729,36,9,36,63,20,19,9,39,1
3-13-2020,4580,51,6,30,8,2484,23,0,2,6,12,12,252,101,11,10,6,77,66,2,17,2,46,15,6,14,51,38,26,3,1196,90,4,6,5,23,1,14,7,50,10,20,524,13,4,30,47,19,13,9,32,1
3-12-2020,3555,39,6,30,5,2218,23,0,1,1,9,9,202,72,6,10,4,50,42,2,16,0,32,12,6,11,36,23,17,3,945,62,2,4,1,15,1,13,6,50,10,11,421,13,3,30,41,19,12,9,26,1
3-11-2020,2873,23,4,17,2,1921,9,0,1,0,6,9,202,45,6,10,4,32,31,2,14,0,25,12,4,8,14,8,12,1,702,43,1,1,1,12,1,10,6,30,5,7,216,5,3,19,22,13,10,8,18,0
3-10-2020,2346,21,2,9,2,1665,3,0,0,0,0,9,157,28,3,5,1,28,22,2,13,0,19,10,1,8,6,0,9,0,497,21,1,0,0,7,0,5,4,24,3,5,216,4,2,19,16,5,9,5,7,0
3-09-2020,1905,13,2,8,1,1453,2,0,0,0,0,6,133,12,2,5,0,19,17,2,8,0,19,6,1,6,1,0,6,0,358,11,1,0,0,7,0,3,4,15,0,1,173,3,2,15,12,5,7,0,7,0
3-08-2020,1538,12,1,3,1,1237,1,0,0,0,0,5,114,9,1,1,0,18,12,2,3,0,7,2,1,4,1,0,5,0,254,5,1,0,0,2,0,3,4,11,0,1,142,3,1,14,10,4,7,0,3,0
3-07-2020,1271,8,1,2,1,1065,1,0,0,0,0,5,88,8,1,1,0,17,7,1,0,0,6,2,1,1,0,0,3,0,168,2,1,0,0,2,0,1,4,6,0,1,105,0,1,14,6,3,2,0,3,0
3-06-2020,1051,8,1,0,1,912,1,0,0,0,0,5,69,8,0,0,0,14,6,1,0,0,6,1,0,1,0,0,3,0,128,2,0,0,0,2,0,1,2,4,0,1,76,0,1,7,4,3,2,0,1,0
3-05-2020,910,5,0,0,0,813,1,0,0,0,0,3,60,2,0,0,0,9,2,0,0,0,5,1,0,0,0,0,3,0,98,1,0,0,0,2,0,0,2,1,0,1,33,0,0,3,2,3,0,0,1,0
3-04-2020,757,1,0,0,0,731,1,0,0,0,0,2,53,0,0,0,0,9,2,0,0,0,5,0,0,0,0,0,0,0,72,0,0,0,0,1,0,0,2,1,0,1,22,0,0,3,0,3,0,0,1,0
3-03-2020,570,1,0,0,0,626,1,0,0,0,0,2,53,0,0,0,0,2,2,0,0,0,4,0,0,0,0,0,0,0,52,0,0,0,0,1,0,0,2,0,0,0,6,0,0,3,0,2,0,0,0,0
3-02-2020,470,0,0,0,0,534,0,0,0,0,0,0,0,0,0,0,0,0,0,0,0,0,0,0,0,0,0,0,0,0,34,0,0,0,0,0,0,0,0,0,0,0,0,0,0,0,0,2,0,0,0,0
3-01-2020,388,0,0,0,0,450,0,0,0,0,0,0,0,0,0,0,0,0,0,0,0,0,0,0,0,0,0,0,0,0,18,0,0,0,0,0,0,0,0,0,0,0,0,0,0,0,0,2,0,0,0,0
2-29-2020,299,0,0,0,0,377,0,0,0,0,0,0,0,0,0,0,0,0,0,0,0,0,0,0,0,0,0,0,0,0,9,0,0,0,0,0,0,0,0,0,0,0,0,0,0,0,0,2,0,0,0,0
2-28-2020,275,0,0,0,0,299,0,0,0,0,0,0,0,0,0,0,0,0,0,0,0,0,0,0,0,0,0,0,0,0,0,0,0,0,0,0,0,0,0,0,0,0,0,0,0,0,0,0,0,0,0,0
2-27-2020,235,0,0,0,0,275,0,0,0,0,0,0,0,0,0,0,0,0,0,0,0,0,0,0,0,0,0,0,0,0,0,0,0,0,0,0,0,0,0,0,0,0,0,0,0,0,0,0,0,0,0,0
2-26-2020,208,0,0,0,0,235,0,0,0,0,0,0,0,0,0,0,0,0,0,0,0,0,0,0,0,0,0,0,0,0,0,0,0,0,0,0,0,0,0,0,0,0,0,0,0,0,0,0,0,0,0,0
2-25-2020,179,0,0,0,0,208,0,0,0,0,0,0,0,0,0,0,0,0,0,0,0,0,0,0,0,0,0,0,0,0,0,0,0,0,0,0,0,0,0,0,0,0,0,0,0,0,0,0,0,0,0,0
2-24-2020,148,0,0,0,0,179,0,0,0,0,0,0,0,0,0,0,0,0,0,0,0,0,0,0,0,0,0,0,0,0,0,0,0,0,0,0,0,0,0,0,0,0,0,0,0,0,0,0,0,0,0,0
2-23-2020,122,0,0,0,0,148,0,0,0,0,0,0,0,0,0,0,0,0,0,0,0,0,0,0,0,0,0,0,0,0,0,0,0,0,0,0,0,0,0,0,0,0,0,0,0,0,0,0,0,0,0,0
2-22-2020,106,0,0,0,0,122,0,0,0,0,0,0,0,0,0,0,0,0,0,0,0,0,0,0,0,0,0,0,0,0,0,0,0,0,0,0,0,0,0,0,0,0,0,0,0,0,0,0,0,0,0,0
2-21-2020,93,0,0,0,0,106,0,0,0,0,0,0,0,0,0,0,0,0,0,0,0,0,0,0,0,0,0,0,0,0,0,0,0,0,0,0,0,0,0,0,0,0,0,0,0,0,0,0,0,0,0,0
2-20-2020,82,0,0,0,0,93,0,0,0,0,0,0,0,0,0,0,0,0,0,0,0,0,0,0,0,0,0,0,0,0,0,0,0,0,0,0,0,0,0,0,0,0,0,0,0,0,0,0,0,0,0,0
2-19-2020,69,0,0,0,0,82,0,0,0,0,0,0,0,0,0,0,0,0,0,0,0,0,0,0,0,0,0,0,0,0,0,0,0,0,0,0,0,0,0,0,0,0,0,0,0,0,0,0,0,0,0,0
2-18-2020,59,0,0,0,0,69,0,0,0,0,0,0,0,0,0,0,0,0,0,0,0,0,0,0,0,0,0,0,0,0,0,0,0,0,0,0,0,0,0,0,0,0,0,0,0,0,0,0,0,0,0,0
2-17-2020,50,0,0,0,0,59,0,0,0,0,0,0,0,0,0,0,0,0,0,0,0,0,0,0,0,0,0,0,0,0,0,0,0,0,0,0,0,0,0,0,0,0,0,0,0,0,0,0,0,0,0,0
2-16-2020,35,0,0,0,0,50,0,0,0,0,0,0,0,0,0,0,0,0,0,0,0,0,0,0,0,0,0,0,0,0,0,0,0,0,0,0,0,0,0,0,0,0,0,0,0,0,0,0,0,0,0,0
2-15-2020,28,0,0,0,0,35,0,0,0,0,0,0,0,0,0,0,0,0,0,0,0,0,0,0,0,0,0,0,0,0,0,0,0,0,0,0,0,0,0,0,0,0,0,0,0,0,0,0,0,0,0,0
2-14-2020,21,0,0,0,0,28,0,0,0,0,0,0,0,0,0,0,0,0,0,0,0,0,0,0,0,0,0,0,0,0,0,0,0,0,0,0,0,0,0,0,0,0,0,0,0,0,0,0,0,0,0,0
2-13-2020,18,0,0,0,0,21,0,0,0,0,0,0,0,0,0,0,0,0,0,0,0,0,0,0,0,0,0,0,0,0,0,0,0,0,0,0,0,0,0,0,0,0,0,0,0,0,0,0,0,0,0,0
2-12-2020,18,0,0,0,0,18,0,0,0,0,0,0,0,0,0,0,0,0,0,0,0,0,0,0,0,0,0,0,0,0,0,0,0,0,0,0,0,0,0,0,0,0,0,0,0,0,0,0,0,0,0,0
2-11-2020,17,0,0,0,0,18,0,0,0,0,0,0,0,0,0,0,0,0,0,0,0,0,0,0,0,0,0,0,0,0,0,0,0,0,0,0,0,0,0,0,0,0,0,0,0,0,0,0,0,0,0,0
2-10-2020,16,0,0,0,0,17,0,0,0,0,0,0,0,0,0,0,0,0,0,0,0,0,0,0,0,0,0,0,0,0,0,0,0,0,0,0,0,0,0,0,0,0,0,0,0,0,0,0,0,0,0,0
2-09-2020,13,0,0,0,0,16,0,0,0,0,0,0,0,0,0,0,0,0,0,0,0,0,0,0,0,0,0,0,0,0,0,0,0,0,0,0,0,0,0,0,0,0,0,0,0,0,0,0,0,0,0,0
2-08-2020,13,0,0,0,0,13,0,0,0,0,0,0,0,0,0,0,0,0,0,0,0,0,0,0,0,0,0,0,0,0,0,0,0,0,0,0,0,0,0,0,0,0,0,0,0,0,0,0,0,0,0,0
2-07-2020,12,0,0,0,0,13,0,0,0,0,0,0,0,0,0,0,0,0,0,0,0,0,0,0,0,0,0,0,0,0,0,0,0,0,0,0,0,0,0,0,0,0,0,0,0,0,0,0,0,0,0,0
2-06-2020,11,0,0,0,0,12,0,0,0,0,0,0,0,0,0,0,0,0,0,0,0,0,0,0,0,0,0,0,0,0,0,0,0,0,0,0,0,0,0,0,0,0,0,0,0,0,0,0,0,0,0,0
2-05-2020,8,0,0,0,0,11,0,0,0,0,0,0,0,0,0,0,0,0,0,0,0,0,0,0,0,0,0,0,0,0,0,0,0,0,0,0,0,0,0,0,0,0,0,0,0,0,0,0,0,0,0,0
2-04-2020,8,0,0,0,0,8,0,0,0,0,0,0,0,0,0,0,0,0,0,0,0,0,0,0,0,0,0,0,0,0,0,0,0,0,0,0,0,0,0,0,0,0,0,0,0,0,0,0,0,0,0,0
2-03-2020,7,0,0,0,0,8,0,0,0,0,0,0,0,0,0,0,0,0,0,0,0,0,0,0,0,0,0,0,0,0,0,0,0,0,0,0,0,0,0,0,0,0,0,0,0,0,0,0,0,0,0,0
2-02-2020,6,0,0,0,0,7,0,0,0,0,0,0,0,0,0,0,0,0,0,0,0,0,0,0,0,0,0,0,0,0,0,0,0,0,0,0,0,0,0,0,0,0,0,0,0,0,0,0,0,0,0,0
2-01-2020,4,0,0,0,0,6,0,0,0,0,0,0,0,0,0,0,0,0,0,0,0,0,0,0,0,0,0,0,0,0,0,0,0,0,0,0,0,0,0,0,0,0,0,0,0,0,0,0,0,0,0,0
1-31-2020,3,0,0,0,0,4,0,0,0,0,0,0,0,0,0,0,0,0,0,0,0,0,0,0,0,0,0,0,0,0,0,0,0,0,0,0,0,0,0,0,0,0,0,0,0,0,0,0,0,0,0,0
1-30-2020,3,0,0,0,0,3,0,0,0,0,0,0,0,0,0,0,0,0,0,0,0,0,0,0,0,0,0,0,0,0,0,0,0,0,0,0,0,0,0,0,0,0,0,0,0,0,0,0,0,0,0,0
1-29-2020,3,0,0,0,0,3,0,0,0,0,0,0,0,0,0,0,0,0,0,0,0,0,0,0,0,0,0,0,0,0,0,0,0,0,0,0,0,0,0,0,0,0,0,0,0,0,0,0,0,0,0,0
1-28-2020,2,0,0,0,0,3,0,0,0,0,0,0,0,0,0,0,0,0,0,0,0,0,0,0,0,0,0,0,0,0,0,0,0,0,0,0,0,0,0,0,0,0,0,0,0,0,0,0,0,0,0,0
1-27-2020,2,0,0,0,0,2,0,0,0,0,0,0,0,0,0,0,0,0,0,0,0,0,0,0,0,0,0,0,0,0,0,0,0,0,0,0,0,0,0,0,0,0,0,0,0,0,0,0,0,0,0,0
1-26-2020,2,0,0,0,0,2,0,0,0,0,0,0,0,0,0,0,0,0,0,0,0,0,0,0,0,0,0,0,0,0,0,0,0,0,0,0,0,0,0,0,0,0,0,0,0,0,0,0,0,0,0,0
1-25-2020,2,0,0,0,0,2,0,0,0,0,0,0,0,0,0,0,0,0,0,0,0,0,0,0,0,0,0,0,0,0,0,0,0,0,0,0,0,0,0,0,0,0,0,0,0,0,0,0,0,0,0,0
1-24-2020,2,0,0,0,0,2,0,0,0,0,0,0,0,0,0,0,0,0,0,0,0,0,0,0,0,0,0,0,0,0,0,0,0,0,0,0,0,0,0,0,0,0,0,0,0,0,0,0,0,0,0,0
1-23-2020,2,0,0,0,0,2,0,0,0,0,0,0,0,0,0,0,0,0,0,0,0,0,0,0,0,0,0,0,0,0,0,0,0,0,0,0,0,0,0,0,0,0,0,0,0,0,0,0,0,0,0,0
1-22-2020,2,0,0,0,0,2,0,0,0,0,0,0,0,0,0,0,0,0,0,0,0,0,0,0,0,0,0,0,0,0,0,0,0,0,0,0,0,0,0,0,0,0,0,0,0,0,0,0,0,0,0,0-